id,AUTORES,ARTICULOS,REVISTA,TIPO,FACTOR DE IMPACTO,AUTOR CORRESPONSAL,AREA,LINEA DE INVESTIGACION
1,"ALCÁNTARA-ORTIGOZA MA, DE RUBENS-FIGUEROA J, REYNA-FABIAN ME, ESTANDÍA-ORTEGA B, GONZÁLEZ-DEL ANGEL A, MOLINA-ÁLVAREZ B, VELÁZQUEZ-ARAGÓN JA, VILLAGÓMEZ-MARTÍNEZ S, PEREIRA-LÓPEZ GI, CRUZ-MARTÍNEZ V, ÁLVAREZ-GÓMEZ RM, GARCÍA-DÍAZ L.","GERMLINE MUTATIONS IN NKX2-5, GATA4, AND CRELD1 ARE RARE IN A MEXICAN SAMPLE OF DOWN SYNDROME PATIENTS WITH ENDOCARDIAL CUSHION AND SEPTAL HEART DEFECTS.

","PEDIATRIC CARDIOLOGY                    36(4):802-808, 2015 APR",INTERNACIONAL,1.31," ALCANTARA ORTIGOZA MIGUEL
",INVESTIGACION,Investigación clínica y traslacional en neoplasias solidas
2,"ALHELY LÓPEZ-ARIAS, ABRAHAM PEDROZA-TORRES, DELIA PÉREZ-MONTIEL, DAVID CANTÚ DE LEÓN","ELEVATION OF ALPHA-FETOPROTEIN IN
SERTOLI-LEYDIG CELL TUMOR: A CASE REPORT

","GYNECOLOGY AND  OBSTRETRICS RESEARCH OPEN JOURNAL                                        2(2): 41-44, 2015",INTERNACIONAL,,"CANTU  DE LEON DAVID FRANCISCO
",INVESTIGACION,Investigación clínica y traslacional en neoplasias solidas
3,"ALVARADO-ALANIS P, LEÓN-ORTIZ P, REYES-MADRIGAL F, FAVILA R, RODRÍGUEZ-MAYORAL O, NICOLINI H, AZCÁRRAGA M, GRAFF-GUERRERO A, ROWLAND LM, DE LA FUENTE-SANDOVAL C.","ABNORMAL WHITE MATTER INTEGRITY IN ANTIPSYCHOTIC-NAÏVE FIRST-EPISODE PSYCHOSIS PATIENTS ASSESSED BY A DTI PRINCIPAL COMPONENT ANALYSIS.

","SCHIZOPHRENIA RESEARCH                        162(1-3):14-21, 2015.",INTERNACIONAL,3.923," DE LA FUENTE SANDOVAL 
",MEDICA,Investigación clínica y traslacional en neoplasias solidas
4,"ANDRÉS RODRÍGUEZ-GALVÁN, ALEJANDRO HEREDIA, OSCAR AMELINES-SARRIA, MARGARITA RIVERA, LUIS A. MEDINA, VLADIMIR A. BASIUK","NON-COVALENT ATTACHMENT OF SILVER NANOCLUSTERS ONTO SINGLE-WALLED CARBON NANOTUBES WITH HUMAN SERUM ALBUMIN AS LINKING MOLECULE

","APPLIED SURFACE SCIENCE         331:271-277, 2015 MAR  ",INTERNACIONAL,2.538," RODRIGUEZ GALVAN ANDRES

",INVESTIGACION,Carcinogénesis
5,"ARRIETA O, CARDONA AF, CORRALES L, CAMPOS-PARRA AD, SÁNCHEZ-REYES R, AMIEVA-RIVERA E, RODRÍGUEZ J, VARGAS C, CARRANZA H, OTERO J, KARACHALIOU N, ASTUDILLO H, ROSELL R; CLICAP.","THE IMPACT OF COMMON AND RARE EGFR MUTATIONS IN RESPONSE TO EGFR TYROSINE KINASE INHIBITORS AND PLATINUM-BASED CHEMOTHERAPY IN PATIENTS WITH NON-SMALL CELL LUNG CANCER.

","LUNG CANCER.                           87(2):169-175, 2015 FEB",INTERNACIONAL,3.958," ARRIETA RODRIGUEZ OSCAR
",INVESTIGACION,Investigación clínica y traslacional en neoplasias solidas
6,"ARRIETA O, CARDONA AF, MARTÍN C, MÁS-LÓPEZ L, CORRALES-RODRÍGUEZ L, BRAMUGLIA G, CASTILLO-FERNANDEZ O, MEYERSON M, AMIEVA-RIVERA E, CAMPOS-PARRA AD, CARRANZA H, DE LA TORRE JC, POWAZNIAK Y, ALDACO-SARVIDE F, VARGAS C, TRIGO M, MAGALLANES-MACIEL M, OTERO J, SÁNCHEZ-REYES R, CUELLO M.","UPDATED FREQUENCY OF EGFR AND KRAS MUTATIONS IN NON-SMALL CELL LUNG CANCER (NSCLC) IN LATIN AMERICA: THE LATIN-AMERICAN CONSORTIUM FOR THE INVESTIGATION OF LUNG CANCER (CLICAP).

","JOURNAL OF THORACIC ONCOLOGY                                10(5):838-943, 2015 JAN",INTERNACIONAL,5.282,"ARRIETA RODRIGUEZ OSCAR
",INVESTIGACION,Genómica y Cáncer
7,"ARRIETA O, QUINTANA-CARRILLO RH, AHUMADA-CURIEL G, ","MEDICAL CARE COSTS INCURRED BY PATIENTS WITH SMOKING-RELATED NON-SMALL CELL LUNG CANCER TREATED AT THE NATIONAL CANCER INSTITUTE OF MEXICO.

","TOBACCO INDUCED DISEASE.                         12(1):25, 2015 FEB",INTERNACIONAL,1.386," REYNALES-SHIGEMATSU  LUZ MIRIAM
",INVESTIGACION,Investigación clínica y traslacional en neoplasias solidas
8,"ARRIETA O, VEGA-GONZÁLEZ MT, LÓPEZ-MACÍAS D, MARTÍNEZ-HERNÁNDEZ JN, BACON-FONSECA L, MACEDO-PÉREZ EO, RAMÍREZ-TIRADO LA, FLORES-ESTRADA D, DE LA GARZA-SALAZAR J.","RANDOMIZED, OPEN-LABEL TRIAL EVALUATING THE PREVENTIVE EFFECT OF TETRACYCLINE ON AFATINIB INDUCED-SKIN TOXICITIES IN NON-SMALL CELL LUNG CANCER PATIENTS.

","LUNG CANCER.                                  88(3):282-288, 2015 MAR",INTERNACIONAL,3.958," ARRIETA RODRIGUEZ OSCAR
",INVESTIGACION,Investigación clínica y traslacional en neoplasias solidas
9,"ARRIETA O, VILLARREAL-GARZA C, VIZCAÍNO G, PINEDA B, HERNÁNDEZ-PEDRO N, GUEVARA-SALAZAR P, WEGMAN-OSTROSKY T, VILLANUEVA-RODRÍGUEZ G, GAMBOA-DOMÍNGUEZ A.","ASSOCIATION BETWEEN AT1 AND AT2 ANGIOTENSIN II RECEPTOR EXPRESSION WITH CELL PROLIFERATION AND ANGIOGENESIS IN OPERABLE BREAST CANCER.

",TUMOR BIOLOGY                              2015 FEB 15.,INTERNACIONAL,3.611," ARRIETA RODRIGUEZ OSCAR
",INVESTIGACION,Investigación clínica y traslacional en neoplasias solidas
10,"ASCENCIO-CEDILLO R1, LÓPEZ-PULIDO EI, MUÑOZ-VALLE JF, VILLEGAS-SEPÚLVEDA N, DEL TORO-ARREOLA S, ESTRADA-CHÁVEZ C, DANERI-NAVARRO A, FRANCO-TOPETE R, PÉREZ-MONTIEL D, GARCÍA-CARRANCÁ A, PEREIRA-SUÁREZ AL.","PROLACTIN AND PROLACTIN RECEPTOR EXPRESSION IN CERVICAL INTRAEPITHELIAL NEOPLASIA AND CANCER.

","PATHOLOGY & ONCOLOGY  RESEARCH                                   21(2):241-246, 2015 APR",INTERNACIONAL,1.855," PERERIRA SUAREZ ANA LAURA
",INVESTIGACION,Genómica y Cáncer
11,"BARGALLÓ-ROCHA JE, LARA-MEDINA F, PÉREZ-SÁNCHEZ V, VÁZQUEZ-ROMO R, VILLARREAL-GARZA C, MARTÍNEZ-SAID H, SHAW-DULIN RJ, MOHAR-BETANCOURT A, HUNT B, PLUN-FAVREAU J, VALENTINE WJ.","COST-EFFECTIVENESS OF THE 21-GENE BREAST CANCER ASSAY IN MEXICO.

","ADVANCES IN THERAPY.                                      32(3):239-253, 2015 MAR",INTERNACIONAL,2.272," VALENTINE  WILLIAM
",INVESTIGACION,Genómica y Cáncer
12,"BARQUET-MUÑOZ SA, VILLARREAL-COLIN SP, HERRERA-MONTALVO LA, SOTO-REYES E, PÉREZ-PLASENCIA C, CORONEL-MARTÍNEZ J, PÉREZ-MONTIEL D, VÁZQUEZ-ROMO R, CANTÚ DE LEÓN D.","METAPLASTIC BREAST CANCER: A COMPARISON BETWEEN THE MOST COMMON HISTOLOGIES WITH POOR IMMUNOHISTOCHEMISTRY FACTORS.

","BMC CANCER.                                   15:75, 2015 FEB",INTERNACIONAL,3.03," CANTU  DE LEON DAVID FRANCISCO
",INVESTIGACION,Investigación clínica y traslacional en neoplasias solidas
13,"BARRERA L, MONTES-SERVÍN E, BARRERA A, RAMÍREZ-TIRADO LA, SALINAS-PARRA F, BAÑALES-MÉNDEZ JL, SANDOVAL-RÍOS M, ARRIETA Ó.","CYTOKINE PROFILE DETERMINED BY DATA-MINING ANALYSIS SET INTO CLUSTERS OF NON-SMALL-CELL LUNG CANCER PATIENTS ACCORDING TO PROGNOSIS.

","ANNALS OF ONCOLOGY                     26: 428-435, 2015 FEB",INTERNACIONAL,7.040,"ARRIETA RODRIGUEZ OSCAR

",INVESTIGACION,Investigación clínica y traslacional en neoplasias solidas
14,"BASAVE HN, MORALES-VASQUEZ F, MONTERRUBIO JC, GOMEZ AH, MOLINA JM, ESQUIVEL GM, LINO-SILVA LS.","PRIMARY GASTRIC HEMANGIOBLASTOMA: REPORT OF A CASE.

",RARE TUMORS.                                    2015 MAR 31;7(1):5679,INTERNACIONAL,,"LOPEZ BASAVE HORACIO
",MEDICA,Investigación clínica y traslacional en neoplasias solidas
15,"CAMPOS-PARRA AD, ZULOAGA C, MANRÍQUEZ ME, AVILÉS A, BORBOLLA-ESCOBOZA J, CARDONA A, MENESES A, ARRIETA O.","KRAS MUTATION AS THE BIOMARKER OF RESPONSE TO CHEMOTHERAPY AND EGFR-TKIS IN PATIENTS WITH ADVANCED NON-SMALL CELL LUNG CANCER: CLUES FOR ITS POTENTIAL USE IN SECOND-LINE THERAPY DECISION MAKING.

","AMERICAN JOURNAL OF CLINICAL ONCOLOGY                                   38(1):33-40, 2015 FEB",INTERNACIONAL,3.062," ARRIETA RODRIGUEZ OSCAR
",INVESTIGACION,Investigación clínica y traslacional en neoplasias solidas
16,"CANDELARIA M, DUEÑAS-GONZALEZ A.","THERAPY-RELATED MYELODYSPLASTIC SYNDROME.

","EXPERT OPINION ON DRUG SAFETY                            12:1-11, 2015 FEB ",INTERNACIONAL,2.911," DUEÑAS GONZALEZ ALFONSO
",INVESTIGACION,Investigación clínica y traslacional en neoplasias solidas
17,"CELIS MÁ, ALEGRÍA-LOYOLA MA, GONZÁLEZ-AGUILAR A, MARTÍNEZ-TLAHUEL J, GREEN-RENNER D, REYES-SOTO G, ARELLANO-REYNOSO A, FLORES-CASTRO JM, MORENO-JIMÉNEZ S, POITEVIN-CHACÓN MA, CACHO-DÍAZ B, OLVERA-MANZANILLA E, DÍAZ-VICTORIA AR, AGUILAR-CASTAÑEDA E, GRANADOS-GARCÍA M, RODRÍGUEZ-OROZCO J, HERRERA-GOEPFERT R, ÁLVAREZ-AVITIA MÁ.","FIRST MEXICAN CONSENSUS ON RECOMMENDATIONS OF THE MULTIDISCIPLINARY CARE OF PATIENTS WITH GLIOBLASTOMA MULTIFORME (GBM): MEXICAN INTERDISCIPLINARY GROUP ON NEURO-ONCOLOGY RESEARCH (GIMINO).

","GACETA MEDICA DE MEXICO                     151(3):403-415, 2015 MAY-JUN",NACIONAL,0.274,"CELIS  MIGUEL


",MEDICA,Investigación clínica y traslacional en neoplasias solidas
18,"CETINA L, CROMBET T, JIMÉNEZ-LIMA R, ZAPATA S, RAMOS M, AVILA S, CORONEL J, CHARCO E, BOJALIL R, ASTUDILLO H, BAZÁN B, DUEÑAS-GONZÁLEZ A.","A PILOT STUDY OF NIMOTUZUMAB PLUS SINGLE AGENT CHEMOTHERAPY AS SECOND- OR THIRD-LINE TREATMENT OR MORE IN PATIENTS WITH RECURRENT, PERSISTENT OR METASTATIC CERVICAL CANCER.

","CANCER BIOLOGY & THERAPY                   16(5):684-689, 2015",INTERNACIONAL,3.072," DUEÑAS GONZALEZ ALFONSO
",INVESTIGACION,Investigación clínica y traslacional en neoplasias solidas
19,"CORNEJO-JUÁREZ P, SUÁREZ-CUENCA JA, VOLKOW-FERNÁNDEZ P, SILVA-SÁNCHEZ J, BARRIOS-CAMACHO H, NÁJERA-LEÓN E, VELÁZQUEZ-ACOSTA C, VILAR-COMPTE D.","FECAL ESBL ESCHERICHIA COLI CARRIAGE AS A RISK FACTOR FOR BACTEREMIA IN PATIENTS WITH HEMATOLOGICAL MALIGNANCIES.

",SUPPORT CARE IN CANCER.              2015 MAY 27.,INTERNACIONAL,2.364," VILAR COMPTE DIANA
",MEDICA,Investigación clínica y traslacional en neoplasias solidas
20,"DE GUADALUPE CHÁVEZ-LÓPEZ M1, PÉREZ-CARREÓN JI, ZUÑIGA-GARCÍA V, DÍAZ-CHÁVEZ J, HERRERA LA, CARO-SÁNCHEZ CH, ACUÑA-MACÍAS I, GARIGLIO P, HERNÁNDEZ-GALLEGOS E, CHILIQUINGA AJ, CAMACHO J","ASTEMIZOLE-BASED ANTICANCER THERAPY FOR HEPATOCELLULAR CARCINOMA (HCC), AND EAG1 CHANNELS AS POTENTIAL EARLY-STAGE MARKERS OF HCC

","TUMOR BIOLOGY                              36(8):6149-6158, 2015                       ",INTERNACIONAL,3.611," CAMACHO  JAVIER
",INVESTIGACION,Carcinogénesis
21,"DE LA CRUZ-HERNANDEZ E, MEDINA-FRANCO JL, TRUJILLO J, CHAVEZ-BLANCO A, DOMINGUEZ-GOMEZ G, PEREZ-CARDENAS E, GONZALEZ-FIERRO A, TAJA-CHAYEB L, DUEÑAS-GONZALEZ A.","RIBAVIRIN AS A TRI-TARGETED ANTITUMOR REPOSITIONED DRUG.

","ONCOLOGY  REPORTS                                        33(5):2384-2392, 2015 FEB",INTERNACIONAL,2.301," DUEÑAS GONZALEZ ALFONSO
",INVESTIGACION,Farmacogenética
22,"DÍAZ-GONZÁLEZ SD, DEAS J, BENÍTEZ-BOIJSEAUNEAU O, GÓMEZ-CERÓN C, BERMÚDEZ-MORALES VH, RODRÍGUEZ-DORANTES M, PÉREZ-PLASENCIA C, PERALTA-ZARAGOZA O.","UTILITY OF MICRORNAS AND SIRNAS IN CERVICAL CARCINOGENESIS.

","BIOMED RESEARCH INTERNATIONAL             2015:374924, 2015",INTERNACIONAL,1.579," PERALTA-ZARAGOZA  O
",INVESTIGACION,Epigenética y Cáncer
23,"DOMÍNGUEZ-GÓMEZ G, DÍAZ-CHÁVEZ J, CHÁVEZ-BLANCO A, GONZALEZ-FIERRO A, JIMÉNEZ-SALAZAR JE, DAMIÁN-MATSUMURA P, GÓMEZ-QUIROZ LE, DUEÑAS-GONZÁLEZ A.","NICOTINAMIDE SENSITIZES HUMAN BREAST CANCER CELLS TO THE CYTOTOXIC EFFECTS OF RADIATION AND CISPLATIN.

","ONCOLOGY REPORTS.                     33(2):721-728, 2015 FEB",INTERNACIONAL,2.191," DUEÑAS GONZALEZ ALFONSO
",INVESTIGACION,Farmacogenética
24,"ESPINOZA-ZAMORA JR, PORTILLA-ESPINOSA CM, LABARDINI-MÉNDEZ JR, CERVERA E, NIESVISKY R, OÑATE-OCAÑA LF.","QUALITY OF LIFE IN MULTIPLE MYELOMA: CLINICAL VALIDATION OF THE MEXICAN-SPANISH VERSION OF THE QLQ-MY20 INSTRUMENT.

","ANNALS OF HEMATOLOGY                        94(6):1024-1017, 2015 JAN",INTERNACIONAL,2.634," OÑATE OCAÑA LUIS FERNANDO
",MEDICA,"Investigación sobre el estilo de vida, dieta y neoplasias"
25,"ESTRELLA ROSALES-TERRAZAS, VELIA RAMÍREZ-AMADOR, ALEJANDRO GARCÍACARRANCÁ, MIRIAM GUIDO-JIMÉNEZ, ESTHER IRIGOYEN CAMACHO, ELIZABETH ORTÍZ-SÁNCHEZ, GABRIELA ANAYA SAVEDRA.","P16INK4A IS OVEREXPRESSED IN HUMAN PAPILLOMAVIRUS-ASSOCIATED ORAL LESIONS OF HIV INFECTED INDIVIDUALS

",J AIDS CLIN RES. HTTP://DX.DOI.ORG/10.4172/2155-6113.1000411.,INTERNACIONAL,2.34," ANAYA SAAVEDRA GABRIELA
",INVESTIGACION,Virus y Cáncer
26,"FERNANDEZ-RETANA J, LASA-GONSEBATT F, LOPEZ-URRUTIA E, CORONEL-MARTÍNEZ J, CANTU DE LEON D, JACOBO-HERRERA N, PERALTA-ZARAGOZA O, PEREZ-MONTIEL D, REYNOSO-NOVERON N, VAZQUEZ-ROMO R, PEREZ-PLASENCIA C.","TRANSCRIPT PROFILING DISTINGUISHES COMPLETE TREATMENT RESPONDERS WITH LOCALLY ADVANCED CERVICAL CANCER.

","TRANSLATIONAL ONCOLOGY.                               8(2):77-84, 2015 APR ",INTERNACIONAL,2.884," PEREZ  PLASENCIA CARLOS
",INVESTIGACION,Genómica y Cáncer
27,"FONSECA BD, ZAKARIA C, JIA JJ, GRABER TE, SVITKIN Y, TAHMASEBI S, HEALY D, HOANG HD, JENSEN JM, DIAO IT, LUSSIER A, DAJADIAN C, PADMANABHAN N, WANG W, MATTA-CAMACHO E, HEARNDEN J, SMITH EM, TSUKUMO Y, YANAGIYA A, MORITA M, PETROULAKIS E, GONZÁLEZ JL, HERNÁNDEZ G, ALAIN T, DAMGAARD CK.","LA-RELATED PROTEIN 1 (LARP1) REPRESSES TERMINAL OLIGOPYRIMIDINE (TOP) MRNA TRANSLATION DOWNSTREAM OF MTOR COMPLEX 1 (MTORC1).

","THE JOURNAL  BIOLOGICAL CHEMISTRY                              290(26):15996-16020, 2015 JUN",INTERNACIONAL,4.6," FONSECA  BD
",INVESTIGACION,Genómica y Cáncer
28,"GALVAN SC, GARCÍA CARRANCÁ A, SONG J, RECILLAS-TARGA F.","EPIGENETICS AND ANIMAL VIRUS INFECTIONS.

","FRONTIERS IN  GENETICS                          6:Article 48:1, 2015 MAR",INTERNACIONAL,0.139," GALVAN  SILVIA
",INVESTIGACION,Virus y Cáncer
29,"GONZÁLEZ-ARENAS A, PEÑA-ORTIZ MÁ, HANSBERG-PASTOR V, MARQUINA-SÁNCHEZ B, BARANDA-ÁVILA N, NAVA-CASTRO K, CABRERA-WROOMAN A, GONZÁLEZ-JORGE J, CAMACHO-ARROYO I.","PKC? AND PKC? ACTIVATION REGULATES TRANSCRIPTIONAL ACTIVITY AND DEGRADATION OF PROGESTERONE RECEPTOR IN HUMAN ASTROCYTOMA CELLS.

","ENDOCRINOLOGY.                     156(3):1010-1022, 2015 MAR",INTERNACIONAL,4.503," GONZALEZ ARENAS 
",INVESTIGACION,Epigenética y Cáncer
30,"GONZÁLEZ-LARA MF, ROBLES-VIDAL C, ESTRADA-LOBATO E, VILAR-COMPTE D.","CHEST WALL OSTEOMYELITIS AFTER BREAST CANCER SURGERY. A CASE SERIES.

","ENFERMEDADES INFECCIOSAS Y MICROBIOLOGIA CLINICA                                                33(3):210-211, 2015 MAR",INTERNACIONAL,2.172," VILAR COMPTE DIANA
",MEDICA,Investigación clínica y traslacional en neoplasias solidas
31,"JÁQUEZ-QUINTANA JO, RODRÍGUEZ-PENDÁS F, DE LA MORA-LEVY JG, HERNÁNDEZ-GUERRERO AI.","ENDOSCOPIC MANAGEMENT OF ESOPHAGO-MEDIASTINAL FISTULA SECONDARY TO MEDIASTINAL TUBERCULOSIS INFECTION.

","GASTROINTESTINAL ENDOSCOPY                                                                                                      82(2): 410; DISCUSSION 410-411,  2015  AUG          ",INTERNACIONAL,5.369," HERNANDEZ GUERRERO ANGELICA
",MEDICA,Investigación clínica y traslacional en neoplasias solidas
32,"JUAN MANUEL CARVAJAL PLIEGO, RODOLFO SAÚL TORRES MENDOZA, AARÓN GONZÁLEZ ENCISO, DELIA PÉREZ-MONTIEL, FEDERICO LASA, DAVID CANTÚ DE LEÓN","FACTORES ASOCIADOS A ENFERMEDAD RESIDUAL
EN EL CONO CENTRAL

","GACETA MEXICANA DE ONCOLOGÍA                       14(1):21-27, 2015",NACIONAL,,"CANTU  DE LEON DAVID FRANCISCO
",INVESTIGACION,Investigación clínica y traslacional en neoplasias solidas
33,"LÁRRAGA-GUTIÉRREZ JM1, BALLESTEROS-ZEBADÚA P, RODRÍGUEZ-PONCE M, GARCÍA-GARDUÑO OA, DE LA CRUZ OO.","PROPERTIES OF A COMMERCIAL PTW-60019 SYNTHETIC DIAMOND DETECTOR FOR THE DOSIMETRY OF SMALL RADIOTHERAPY BEAMS.

","PHYSICS IN  MEDICINE BIOLOGY                          60(2):905-924, 2015 JAN ",INTERNACIONAL,2.761," LARRAGA GUTIERREZ JOSE MANUEL
",MEDICA,Investigación clínica y traslacional en neoplasias solidas
34,"LEONARDO SAÚL LINO-SILVA, ROSA ANGÉLICA SALCEDO-HERNÁNDEZ, KUAUHYAMA LUNA-ORTIZ, ALEJANDRO PADILLA-ROSCIANO, ABELARDO MENESES-GARCÍA, ÁNGEL HERRERA-GÓMEZ, HÉCTOR A. MALDONADO-MARTÍNEZ Y ERIKA BETZABÉ RUIZ-GARCÍA","UN ADECUADO NÚMERO DE GANGLIOS LINFÁTICOS PUEDE SER OBTENIDO EN LA MAYORÍA DE LOS ESPECÍMENES QUIRÚRGICOS
DE RESECCIÓN RADICAL DE RECTO DESPUÉS DE TRATAMIENTO NEOADYUVANTE

",REVISTA ESPAÑOLA DE  PATOLOGIA                                2015. HTTP://DX.DOI.ORG/10.1016/J.PATOL.2015.04.001,INTERNACIONAL,,"LINO SILVA SAUL LEONARDO

",MEDICA,Investigación clínica y traslacional en neoplasias solidas
35,"LEON-SARMIENTO FE, LEON-ARIZA JS, PRADA DG, LEON-ARIZA DS.","CHEMOSENSORY DISTURBANCES-ASSOCIATED NANOCHOLINERGIC DYSFUNCTION: THE CASE OF, NOT ONLY, MYASTHENIA GRAVIS.

","JOURNAL OF THE NEUROLOGICAL SCIENCES                                                      356(1-2):5-6, 2015",INTERNACIONAL,2.474," LEON SARMIENTO FE
",INVESTIGACION,Investigación clínica y traslacional en neoplasias solidas
36,"LEON-SARMIENTO FE, RIZZO-SIERRA CV, LEON-ARIZA JS, LEON-ARIZA DS, SOBOTA R, PRADA DG.","A NEW NEUROMETRIC DISSECTION OF THE AREA-UNDER-CURVE-ASSOCIATED JIGGLE OF THE MOTOR EVOKED POTENTIAL INDUCED BY TRANSCRANIAL MAGNETIC STIMULATION.

","PHYSIOLOGY & BEHAVIOR                                                                                                                                                                                                                                                                                                                                                                                                                                                                                                                                                                                                                                                                                                                                                                                                                                                                                                                                                                                                                                                                                                                                                                                                                                                                                                                                                                                                                                                                                                                                                                                                                                                                                                                                                                                                                                                                                                                                                                                                                                                                                                                                                                                                                                                                                                                                                                                                                                                                                                                                                                                                                                                                                                                                                                                                                                                                                                                                                                                                                                                                                                  141:111-119, 2015",INTERNACIONAL,2.976,"LEON SARMIENTO FE
",INVESTIGACION,Investigación clínica y traslacional en neoplasias solidas
37,"LINO-SILVA LS, SALCEDO-HERNÁNDEZ RA, HERRERA-GÓMEZ A, PADILLA-ROSCIANO A, RAMÍREZ-JARAMILLO M, HERRERA-GOEPFERT RE, MENESES-GARCÍA A.","COLONIC CRIBRIFORM CARCINOMA, A MORPHOLOGIC PATTERN ASSOCIATED WITH LOW SURVIVAL.

","INTERNATIONAL  JOURNAL OF SURGICAL PATHOLOGY                 23(1):13-19, 2015 FEB",INTERNACIONAL,0.953,"LINO SILVA SAUL LEONARDO


",MEDICA,Investigación clínica y traslacional en neoplasias solidas
38,"LÓPEZ-GRIEGO L, NAVA-CASTRO KE, LÓPEZ-SALAZAR V, HERNÁNDEZ-CERVANTES R, TIEMPOS GUZMÁN N, MUÑIZ-HERNÁNDEZ S, HERNÁNDEZ-BELLO R, BESEDOVSKY HO, PAVÓN L, BECERRIL VILLANUEVA LE, MORALES-MONTOR J.","GENDER-ASSOCIATED DIFFERENTIAL EXPRESSION OF CYTOKINES IN SPECIFIC AREAS OF THE BRAIN DURING HELMINTH INFECTION.

","JOURNAL OF INTERFERON & CYTOKINE RESEARCH                35(2):116-125, 2015 FEB  ",INTERNACIONAL,2.4,"MORALES MONTOR JORGE
",INVESTIGACION,Virus y Cáncer
39,"MAGAÑA-CONTRERAS M, CONTRERAS-PAREDES A, CHAVEZ-BLANCO A, LIZANO M, CRUZ-HERNANDEZ Y, CRUZ-HERNANDEZ E.","PREVALENCE OF SEXUALLY TRANSMITTED PATHOGENS ASSOCIATED WITH HPV INFECTION IN CERVICAL SAMPLES IN A MEXICAN POPULATION.

",JOURNAL OF  MEDICAL  VIROLOGY                                         2015 MAY 25. DOI: 10.1002/JMV.24278.,INTERNACIONAL,2.347," DE LA CRUZ HERNANDEZ ERICK
",INVESTIGACION,Virus y Cáncer
40,"MARTÍNEZ-MANCERA FD, GARCÍA-LÓPEZ P, HERNÁNDEZ-LÓPEZ JL","PRE-CLINICAL VALIDATION STUDY OF A MINIATURIZED ELECTROCHEMICAL IMMUNOASSAY BASED ON SQUARE WAVE VOLTAMMETRY FOR EARLY DETECTION OF CARCINOEMBRYONIC ANTIGEN IN HUMAN SERUM.

","CLINICAL CHIMICA ACTA.                       444:199-205, 2015 FEB ",INTERNACIONAL,2.824," HERNANDEZ-LOPEZ  JL
",INVESTIGACION,Genómica y Cáncer
41,"MARTÍNEZ-NAVA GA, TORRES-POVEDA K, LAGUNAS-MARTÍNEZ A, BAHENA-ROMÁN M, ZURITA-DÍAZ MA, ORTÍZ-FLORES E, GARCÍA-CARRANCÁ A, MADRID-MARINA V, BURGUETE-GARCÍA AI.","CERVICAL CANCER-ASSOCIATED PROMOTER POLYMORPHISM AFFECTS AKNA EXPRESSION LEVELS.

","GENES AND IMMUNITY                          16(1):43-53, 2015",INTERNACIONAL,2.913," MADRID MARINA V.
",INVESTIGACION,Epigenética y Cáncer
42,"MARTIN-ONRAET A, PIÑEIRUA-MENÉNDEZ A, PERALES-MARTÍNEZ D, ORTEGA-PÉREZ R, BARRERA-GARCÍA A, SIERRA-MADERO J, VOLKOW-FERNÁNDEZ P.","MORTALIDAD HOSPITALARIA EN PACIENTES CON INFECCIÓN POR VIH: A DIEZ AÑOS DE ACCESO UNIVERSAL A TARAA EN MÉXICO.

","SALUD PUBLICA DE MÉXICO                  57(SUPL. 2): S163-S170, 2015",NACIONAL,1.03,"VOLKOW FERNANDEZ AMALIA PATRICIA


",MEDICA,Virus y Cáncer
43,"MEDINA-FRANCO JL, MÉNDEZ-LUCIO O, DUEÑAS-GONZÁLEZ A, YOO J.","DISCOVERY AND DEVELOPMENT OF DNA METHYLTRANSFERASE INHIBITORS USING IN SILICO APPROACHES.

","DRUG DISCOVERY TODAY.  20(5):569-577, 2015 MAY",INTERNACIONAL,6.691,"YOO  J
",INVESTIGACION,Genómica y Cáncer
44,"MEDINA-REYES EI, BUCIO-LÓPEZ L, FREYRE-FONSECA V, SÁNCHEZ-PÉREZ Y, GARCÍA-CUÉLLAR CM, MORALES-BÁRCENAS R, PEDRAZA-CHAVERRI J, CHIRINO YI.","CELL CYCLE SYNCHRONIZATION REVEALS GREATER G2/M-PHASE ACCUMULATION OF LUNG EPITHELIAL CELLS EXPOSED TO TITANIUM DIOXIDE NANOPARTICLES.

","ENVIRONMENTAL  SCIENCE AND POLLUTION RESEARCH   22(5):3976-3982,2015 ",INTERNACIONAL,2.828,"MEDINA REYES EI
",INVESTIGACION,Contaminación ambiental y cáncer
45,"MEILLÓN-GARCÍA LA, HERNÁNDEZ-ZAMORA E, MONTIEL-MANZANO G, ZAVALA-HERNÁNDEZ C, RAMÍREZ-SAN JUAN E, CESARMAN-MAUS G, REYES-MALDONADO E.","ANTICOAGULANT PROTEINS IN A POPULATION OF MEXICAN MESTIZO DONORS.

","ANNALS OF VASCULAR SURGERY 29(2):222-226, 2015",INTERNACIONAL,1.17,"REYES-MALDONADO  ELBA
",MEDICA,Investigación clínica y traslacional en neoplasias solidas
46,"MORALES-BÁRCENAS R, CHIRINO YI, SÁNCHEZ-PÉREZ Y, OSORNIO-VARGAS ÁR, MELENDEZ-ZAJGLA J, ROSAS I, GARCÍA-CUELLAR CM.","PARTICULATE MATTER (PM10) INDUCES METALLOPROTEASE ACTIVITY AND INVASION IN AIRWAY EPITHELIAL CELLS.

","TOXICOLOGY LETTERS                           237(3):167-173, 2015 JUN",INTERNACIONAL,3.262," GARCIA CUELLAR CLAUDIA MARIA
",INVESTIGACION,Contaminación ambiental y cáncer
47,"MUÑIZ-HERNÁNDEZ S, HERNÁNDEZ-PEDRO N, MACEDO-PÉREZ O, ARRIETA O.","ALTERATIONS IN RETINOIC ACID RECEPTORS IN NON-SMALL CELL LUNG CANCER AND THEIR CLINICAL IMPLICATIONS.

",JOURNAL OF CANCER THERAPY 2015,INTERNACIONAL,,"ARRIETA RODRIGUEZ OSCAR

",INVESTIGACION,Investigación sobre calidad de vida en el paciente con cáncer
48,"ÑAMENDYS-SILVA SA, ARREDONDO-ARMENTA JM, GARCÍA-GUILLÉN FJ  AND GUEVARA-GARCÍA H.","RIGHT VENTRICULAR THROMBUS IN A CRITICALLY ILL CANCER PATIENT.

","AUSTIN CRIT CARE J.                           2(1): 1007, 2015",INTERNACIONAL,,"ÑAMENDYS SILVA SILVIO ANTONIO
",MEDICA,Investigación clínica y traslacional en neoplasias solidas
49,"ÑAMENDYS-SILVA SA, CORREA-GARCÍA P, GARCÍA-GUILLÉN FJ, LÓPEZ-BASAVE HN, MONTALVO-ESQUIVEL G, TEXCOCANO-BECERRA J, HERRERA-GÓMEZ Á, MENESES-GARCÍA A.","ORGAN DYSFUNCTION IN CRITICALLY ILL CANCER PATIENTS UNDERGOING CYTOREDUCTIVE SURGERY WITH HYPERTHERMIC INTRAPERITONEAL CHEMOTHERAPY.

","ONCOL LETT.                               9(4):1873-1876, 2015 APR",INTERNACIONAL,0.987," ÑAMENDYS SILVA SILVIO ANTONIO
",MEDICA,Investigación clínica y traslacional en neoplasias solidas
50,"OROZCO-MORALES M, SÁNCHEZ-GARCÍA FJ, GOLÁN-CANCELA I, HERNÁNDEZ-PEDRO N, COSTOYA JA, DE LA CRUZ VP, MORENO-JIMÉNEZ S, SOTELO J, PINEDA B.","RB MUTATION AND RAS OVEREXPRESSION INDUCE RESISTANCE TO NK CELL-MEDIATED CYTOTOXICITY IN GLIOMA CELLS.

","CANCER CELL INTERNATIONAL                 15:57, 2015 JUN",INTERNACIONAL,2.766," OROZCO MORALES 
",INVESTIGACION,Carcinogénesis
51,"Oscar Galindo-Vazquez, Corina Benjet, Maria Haydee Cruz-Nieto, Edith Rojas-Castillo, Angelica Riveros-Rosas, Abelardo Meneses-Garcia, Jose Luis Aguilar-Ponce, Miguel Angel Alvarez-Avitia, Salvador Alvarado-Aguilar. ",Psychometric properties of the Zarit Burden Interview in Mexican caregivers of cancer patients. ,"PSYCHO-ONCOLOGY                   24(5):612–615, May 2015.",INTERNACIONAL,3.15," GALINDO-VAZQUEZ O
",MEDICA,Investigación Sociomédica
52,"PECKOVA K, MARTINEK P, OHE C, KURODA N, BULIMBASIC S, CONDOM MUNDO E, PEREZ MONTIEL D, LOPEZ JI, DAUM O, ROTTEROVA P, KOKOSKOVA B, DUBOVA M, PIVOVARCIKOVA K, BAULETH K, GROSSMANN P, HORA M, KALUSOVA K, DAVIDSON W, SLOUKA D, MIROSLAV S, BUZRLA P, HYNEK M, MICHAL M, HES O.","CHROMOPHOBE RENAL CELL CARCINOMA WITH NEUROENDOCRINE AND NEUROENDOCRINE-LIKE FEATURES. MORPHOLOGIC, IMMUNOHISTOCHEMICAL, ULTRASTRUCTURAL, AND ARRAY COMPARATIVE GENOMIC HYBRIDIZATION ANALYSIS OF 18 CASES AND REVIEW OF THE LITERATURE.

","ANNALS OF  DIAGNOSTIC  PATHOLOGY                                 19(4):261-268, 2015                           ",INTERNACIONAL,1.117," HES . ONDREJ
",MEDICA,Investigación clínica y traslacional en neoplasias solidas
53,"PECKOVA K, MARTINEK P, SPERGA M, MONTIEL DP, DAUM O, ROTTEROVA P, KALUSOVÁ K, HORA M, PIVOVARCIKOVA K, RYCHLY B, VRANIC S, DAVIDSON W, VODICKA J, DUBOVÁ M, MICHAL M, HES O.","MUCINOUS SPINDLE AND TUBULAR RENAL CELL CARCINOMA: ANALYSIS OF CHROMOSOMAL ABERRATION PATTERN OF LOW-GRADE, HIGH-GRADE, AND OVERLAPPING MORPHOLOGIC VARIANT WITH PAPILLARY RENAL CELL CARCINOMA.

",ANN DIAGN PATHOL.                    2015 MAY 6. PII: S1092-9134(15)00073-8. DOI: 10.1016/J.ANNDIAGPATH.2015.04.004.,INTERNACIONAL,1.112, HES . ONDREJ,MEDICA,Investigación clínica y traslacional en neoplasias solidas
54,"PERALTA-ZARAGOZA O, DE-LA-O-GÓMEZ F, DEAS J, FERNÁNDEZ-TILAPA G, FIERROS-ZÁRATE GDEL S, GÓMEZ-CERÓN C, BURGUETE-GARCÍA A, TORRES-POVEDA K, BERMÚDEZ-MORALES VH, RODRÍGUEZ-DORANTES M, PÉREZ-PLASENCIA C, MADRID-MARINA V.","SELECTIVE SILENCING OF GENE TARGET EXPRESSION BY SIRNA EXPRESSION PLASMIDS IN HUMAN CERVICAL CANCER CELLS.

","METHODS MOL BIOL.   1249:153-171, 2015",INTERNACIONAL,,"PERALTA-ZARAGOZA  O
",INVESTIGACION,Virus y Cáncer
55,"PEREZ MONTIEL D, ARISPE ANGULO K, CANTÚ-DE LEÓN D, BORNSTEIN QUEVEDO L, CHANONA VILCHIS J, HERRERA MONTALVO L.","THE VALUE OF SATB2 IN THE DIFFERENTIAL DIAGNOSIS OF INTESTINAL-TYPE MUCINOUS TUMORS OF THE OVARY: PRIMARY VS METASTATIC.

","ANNALS OF DIAGNOSTIC PATHOLOGY                                        19(4):249-252, 2015 AUG",INTERNACIONAL,1.12," CANTU  DE LEON DAVID FRANCISCO
",INVESTIGACION,Investigación clínica y traslacional en neoplasias solidas
56,"POPOCA-CUAYA M, DIAZ-CHAVEZ J, HERNANDEZ-MONGE J, ALVAREZ-RIOS E, LAMBERT PF, GARIGLIO P.","THE HPV16 E6 ONCOPROTEIN AND UVB IRRADIATION INHIBIT THE TUMOR SUPPRESSOR TGF? PATHWAY IN THE EPIDERMIS OF THE K14E6 TRANSGENIC MOUSE.

",EXPERIMENTAL DERMATOLOGY                              24(6):430-435. 2015 JUN,INTERNACIONAL,3.762,"GARIGLIO  PATRICIO
",INVESTIGACION,Carcinogénesis
57,"QUINTANA BELMARES RAÚL OMAR, ALFARO MORENO ERNESTO, GARCÍA-CUÉLLAR CLAUDIA MARÍA, GÓMEZ VIDALES VIRGINIA, VÁZQUEZ LÓPEZ INÉS, SALMÓN SALAZAR MANUEL, ROSAS-PÉREZ IRMA, OSORNIO VARGAS ÁLVARO ROMÁN.","EVALUATION OF THE OXIDATIVE POTENTIAL OF URBAN PM AND ITS RELATION TO IN VITRO INDUCED DNA DAMAGE: A SPATIAL AND TEMPORAL COMPARISON.

","REVISTA INTERNACIONAL DE CONTAMINACION AMBIENTAL 31(2):145-154, 2015",NACIONAL,0.177,"OSORNIO VARGAS ALVARO


",INVESTIGACION,Contaminación ambiental y cáncer
58,"RALPH SJ, PRITCHARD R, RODRÍGUEZ-ENRÍQUEZ S, MORENO-SÁNCHEZ R, RALPH RK.","HITTING THE BULL'S-EYE IN METASTATIC CANCERS-NSAIDS ELEVATE ROS IN MITOCHONDRIA, INDUCING MALIGNANT CELL DEATH.

","PHARMACEUTICALS (BASEL). 8(1):62-106, 2015 FEB",INTERNACIONAL,,"RALPH  SJ
",MEDICA,Genómica y Cáncer
59,"RIVAS-SANTIAGO CE, SARKAR S, CANTARELLA P 4TH, OSORNIO-VARGAS Á, QUINTANA-BELMARES R, MENG Q, KIRN TJ, OHMAN STRICKLAND P, CHOW JC, WATSON JG, TORRES M, SCHWANDER S.","AIR POLLUTION PARTICULATE MATTER ALTERS ANTIMYCOBACTERIAL RESPIRATORY EPITHELIAL INNATE IMMUNITY.

","INFECTION AND IMMUNITY                         83(6):2507-2517, 2015 JUN",INTERNACIONAL,3.731," S  SCHWANDER
",INVESTIGACION,Contaminación ambiental y cáncer
60,"RODRÍGUEZ-ENRÍQUEZ S, HERNÁNDEZ-ESQUIVEL L, MARÍN-HERNÁNDEZ A, EL HAFIDI M, GALLARDO-PÉREZ JC, HERNÁNDEZ-RESÉNDIZ I, RODRÍGUEZ-ZAVALA JS, PACHECO-VELÁZQUEZ SC, MORENO-SÁNCHEZ R.","MITOCHONDRIAL FREE FATTY ACID ?-OXIDATION SUPPORTS OXIDATIVE PHOSPHORYLATION AND PROLIFERATION IN CANCER CELLS.

","INT J BIOCHEM CELL BIOL.          65:209-221, 2015 JUN  ",INTERNACIONAL,4.2," RODRIGUEZ ENRIQUEZ SARA
",MEDICA,Genómica y Cáncer
61,"RUIZ-MORALES JM, DORANTES-HEREDIA R, ARRIETA O, CHÁVEZ-TAPIA NC, MOTOLA-KUBA D.","NEUTROPHIL GELATINASE-ASSOCIATED LIPOCALIN (NGAL) AND MATRIX METALLOPROTEINASE-9 (MMP-9) PROGNOSTIC VALUE IN LUNG ADENOCARCINOMA.

","TUMOUR BIOL.                            36(5):3601-3610, 2015 MAY",INTERNACIONAL,2.84," MOTOLA KUBA DANIEL
",INVESTIGACION,Investigación clínica y traslacional en neoplasias solidas
62,"SALCIDO-NEYOY ME, SÁNCHEZ-PÉREZ Y, OSORNIO-VARGAS AR, GONSEBATT ME, MELÉNDEZ-ZAJGLA J, MORALES-BÁRCENAS R, PETROSYAN P, MOLINA-SERVIN ED, VEGA E, MANZANO-LEÓN N, GARCÍA-CUELLAR CM.","INDUCTION OF C-JUN BY AIR PARTICULATE MATTER (PM<SUB>10</SUB>) OF MEXICO CITY: PARTICIPATION OF POLYCYCLIC AROMATIC HYDROCARBONS

","ENVIRONMENTAL POLLUTION                      203:175-182, 2015 APR ",INTERNACIONAL,4.143," GARCIA CUELLAR CLAUDIA MARIA
",INVESTIGACION,Contaminación ambiental y cáncer
63,SÁNCHEZ-GUERRERO SA,"THE DONATION OF BLOOD IN MEXICO

",MEDICINA UNIVERSITARIA  2015. HTTP://DX.DOI.ORG/10.1016/J.RMU.2015.01.004,NACIONAL,,"SANCHEZ GUERRERO SERGIO ARTURO

",MEDICA,Investigación clínica y traslacional en neoplasias solidas
64,"SEGOVIA-MENDOZA M, JURADO R, MIR R, MEDINA LA, PRADO-GARCIA H, GARCIA-LOPEZ P.","ANTIHORMONAL AGENTS AS A STRATEGY TO IMPROVE THE EFFECT OF CHEMO-RADIATION IN CERVICAL CANCER: IN VITRO AND IN VIVO STUDY.

",BMC CANCER                                    (2015) 15:21,INTERNACIONAL,3.362,"GARCIA LOPEZ PATRICIA
",INVESTIGACION,Farmacogenética
65,"SEGURA-GONZÁLEZ M, QUINTANA-QUINTANA M.","SYSTEMIC TREATMENT WITH CAPECITABINE AS MAINTENANCE THERAPY IN PATIENTS WITH RECURRING OR METASTATIC BREAST CANCER: EXPERIENCE IN THE ONCOLOGY HOSPITAL, NATIONAL MEDICAL CENTER SIGLO XXI, MEXICAN SOCIAL SECURITY INSTITUTE.

","MED ONCOL.                                     32(4):93, 2015 APR",INTERNACIONAL,2.058," SEGURA GONZALEZ 
",MEDICA,Investigación clínica y traslacional en neoplasias solidas
66,"SEGURA-GONZÁLEZ M, URIAS-ROCHA J, CASTELÁN-PEDRAZA J.","MALIGNANT MESOTHELIOMA OF THE TUNICA VAGINALIS: A RARE NEOPLASM-CASE REPORT AND LITERATURE REVIEW.
 ",CLIN GENITOURIN CANCER.            2015 JUN 6. PII: S1558-7673(15)00123-8. DOI: 10.1016/J.CLGC.2015.05.009.,INTERNACIONAL,2.32," SEGURA GONZALEZ MANUEL
",MEDICA,Investigación clínica y traslacional en neoplasias solidas
67,"SERRANO-OLVERA A, CETINA L, CORONEL J, DUEÑAS-GONZÁLEZ A.","EMERGING DRUGS FOR THE TREATMENT OF CERVICAL CANCER.

","EXPERT OPINION ON EMERGING DRUGS                                          20(2):165-182, 2015 JUN",INTERNACIONAL,2.73," DUEÑAS GONZALEZ ALFONSO
",INVESTIGACION,Investigación clínica y traslacional en neoplasias solidas
68,TALIA WEGMAN-OSTROSKY ERNESTO SOTO-REYES SILVIA VIDAL-MILLÁN JOSÉ SÁNCHEZ-CORONA,"THE RENIN-ANGIOTENSIN SYSTEM MEETS THE HALLMARKS OF CANCER

","JOURNAL OF THE RENIN-ANGIOTENSIN-ALDOSTERONE SYSTEM                                            16(2):227-233, 2015 JUN",INTERNACIONAL,2.400," SANCHEZ CORONA JOSE

",INVESTIGACION,Carcinogénesis
69,"UNGER-SALDAÑA K, MIRANDA A, ZARCO-ESPINOSA G, MAINERO-RATCHELOUS F, BARGALLÓ-ROCHA E, MIGUEL LÁZARO-LEÓN J.","HEALTH SYSTEM DELAY AND ITS EFFECT ON CLINICAL STAGE OF BREAST CANCER: MULTICENTER STUDY.

",CANCER                                                   2015 MAR 24. DOI: 10.1002/CNCR.29331.,INTERNACIONAL,5.238," 
UNGER SALDAÑA KARLA
",MEDICA,Investigación clínica y traslacional en neoplasias solidas
70,"VACA-PANIAGUA F, ALVAREZ-GOMEZ RM, MALDONADO-MARTÍNEZ HA, PÉREZ-PLASENCIA C, FRAGOSO-ONTIVEROS V, LASA-GONSEBATT F, HERRERA LA, CANTÚ D, BARGALLO-ROCHA E, MOHAR A, DURAND G, FOREY N, VOEGELE C, VALLÉE M, LE CALVEZ-KELM F, MCKAY J, ARDIN M, VILLAR S, ZAVADIL J, OLIVIER M.","REVEALING THE MOLECULAR PORTRAIT OF TRIPLE NEGATIVE BREAST TUMORS IN AN UNDERSTUDIED POPULATION THROUGH OMICS ANALYSIS OF FORMALIN-FIXED AND PARAFFIN-EMBEDDED TISSUES.

","PLOS ONE.                                        10(5):E0126762,  2015 MAY  ",INTERNACIONAL,3.234," VACA PANIAGUA FELIPE
",INVESTIGACION,Genómica y Cáncer
71,"VACA-PANIAGUA F, OLIVER J, NOGUEIRA DA COSTA A, MERLE P, MCKAY J, HERCEG Z, HOLMILA R.","TARGETED DEEP DNA METHYLATION ANALYSIS OF CIRCULATING CELL-FREE DNA IN PLASMA USING MASSIVELY PARALLEL SEMICONDUCTOR SEQUENCING.

","EPIGENOMICS                            7(3):353-362, 2015 JUN",INTERNACIONAL,5.2," REETTA  HOLMILA
",INVESTIGACION,Genómica y Cáncer
72,"VÁSQUEZ-GARZÓN VR, BELTRÁN-RAMÍREZ O, SALCIDO-NEYOY ME, CERVANTE-ANAYA N, VILLA-TREVIÑO S.","ANALYSIS OF GENE EXPRESSION PROFILES AS A TOOL TO UNCOVER TUMOR MARKERS OF LIVER CANCER PROGRESSION IN A RAT MODEL.

","BIOMEDICAL REPORTS                             3(2):167-172, 2015",INTERNACIONAL,,"VILLA TREVIÑO SAUL
",INVESTIGACION,Genómica y Cáncer
73,"VIEDMA-RODRÍGUEZ R, RUIZ ESPARZA-GARRIDO R, BAIZA-GUTMAN LA, VELÁZQUEZ-FLORES MÁ, GARCÍA-CARRANCÁ A, SALAMANCA-GÓMEZ F, ARENAS-ARANDA D.","INVOLVEMENT OF MULTIPLE CELLULAR PATHWAYS IN REGULATING RESISTANCE TO TAMOXIFEN IN BIK-SUPPRESSED MCF-7 CELLS.

",TUMOR BIOLOGY                             2015 APR 11.,INTERNACIONAL,3.611,"VIEDMA RODRIGUEZ RUBI
",INVESTIGACION,Virus y Cáncer
74,"VILLARREAL-GARZA C, MARTINEZ-CANNON BA, PLATAS A, RAMOS-ELIAS P","SPECIALIZED PROGRAMS TO SUPPORT YOUNG WOMEN WITH BREAST CANCER.

",CURRENT OPINION IN  SUPPORTIVE  PALLIATIVE CARE.                                           2015 JUN 26,INTERNACIONAL,1.656," VILLAREAL GARZA CYNTHIA
",INVESTIGACION,Investigación clínica y traslacional en neoplasias solidas
75,"VILLARREAL-GARZA C, SOTO-PEREZ-DE-CELIS E","ETHNICITY, ADVERSE EVENTS AND OUTCOMES IN BREAST CANCER.

",BREAST                                                    2015 JUN 8. PII: S0960-9776(15)00111-3. DOI: 10.1016/J.BREAST.2015.05.005,INTERNACIONAL,2.381," VILLAREAL GARZA CYNTHIA
",INVESTIGACION,Investigación clínica y traslacional en neoplasias solidas
76,"VILLARREAL-GARZA C, SOTO-PEREZ-DE-CELIS E, SIFUENTES E, RUANO S, BAEZ-REVUELTAS B, LARA-MEDINA F, ARCE-SALINAS C, ALVARADO-MIRANDA A, CHAVARRI-GUERRA Y, CARO-SANCHEZ C, CASTAÑEDA-SOTO N, BARGALLO-ROCHA E, MOHAR A.","OUTCOMES OF HISPANIC WOMEN WITH LYMPH-NODE POSITIVE, HER2 POSITIVE BREAST CANCER TREATED WITH NEOADJUVANT CHEMOTHERAPY AND TRASTUZUMAB IN MEXICO.

","BREAST                                        24(3):218-223, 2015 JUN",INTERNACIONAL,2.581," MOHAR BETANCOURT ALEJANDRO
",INVESTIGACION,Investigación clínica y traslacional en neoplasias solidas
77,"VILLARREAL-GARZA C, WEITZEL JN, LLACUACHAQUI M, SIFUENTES E, MAGALLANES-HOYOS MC, GALLARDO L, ALVAREZ-GÓMEZ RM, HERZOG J, CASTILLO D, ROYER R, AKBARI M, LARA-MEDINA F, HERRERA LA, MOHAR A, NAROD SA.","THE PREVALENCE OF BRCA1 AND BRCA2 MUTATIONS AMONG YOUNG MEXICAN WOMEN WITH TRIPLE-NEGATIVE BREAST CANCER.

","BREAST CANCER RESEARCH AND  TREATMENT                                150(2):389-394, 2015 FEB",INTERNACIONAL,3.940," NAROD  SA
",INVESTIGACION,Genómica y Cáncer
78,"ZHONG J, COLICINO E, LIN X, MEHTA A, KLOOG I, ZANOBETTI A, BYUN HM, BIND MA, CANTONE L, PRADA D, TARANTINI L,TREVISI L, SPARROW D, VOKONAS P, SCHWARTZ J, BACCARELLI AA.","CARDIAC AUTONOMIC DYSFUNCTION: PARTICULATE AIR POLLUTION EFFECTS ARE MODULATED BY EPIGENETIC IMMUNOREGULATION OF TOLL-LIKE RECEPTOR 2 AND DIETARY FLAVONOID INTAKE.

","JOURNAL OF THE AMERICAN HEART ASSOCIATION                             4(1):E001423, 2015;",INTERNACIONAL,4.306," BACARELLI . ANDREA
",INVESTIGACION,Investigación clínica y traslacional en neoplasias solidas
